station,HOUR1,HOUR2,HOUR3,HOUR4,HOUR5,HOUR6,HOUR7,HOUR8,HOUR9,HOUR10,HOUR11,HOUR12,HOUR13,HOUR14,HOUR15,HOUR16,HOUR17,HOUR18,HOUR19,HOUR20,HOUR21,HOUR22,HOUR23,HOUR24,overall,Flood_Occurence
Nungambakkam,2,0,0,0,0,0,0,0,0,0,0,0,0,0,0,0,0,0,0,0,0,0,0,0,2,0
Nungambakkam,11.41040928,3.956257382,12.20821384,3.158452826,11.52242128,3.844245382,0,0,0,0,0,0,0,0,0,0,0,0,0,0,0,0,0,0,46.1,0
Nungambakkam,11.5,0,0,0,0,0,0,0,0,0,0,0,0,0,0,0,0,0,0,0,0,0,0,0,11.5,0
Nungambakkam,0.5,0,0,0,0,0,0,0,0,0,0,0,0,0,0,0,0,0,0,0,0,0,0,0,0.5,0
Nungambakkam,3.6,0,0,0,0,0,0,0,0,0,0,0,0,0,0,0,0,0,0,0,0,0,0,0,3.6,0
Nungambakkam,7.698972538,2.834360796,8.211791063,2.32154227,7.610725849,2.922607485,0,0,0,0,0,0,0,0,0,0,0,0,0,0,0,0,0,0,31.6,0
Nungambakkam,7.6,0,0,0,0,0,0,0,0,0,0,0,0,0,0,0,0,0,0,0,0,0,0,0,7.6,0
Nungambakkam,2.8,0,0,0,0,0,0,0,0,0,0,0,0,0,0,0,0,0,0,0,0,0,0,0,2.8,0
Nungambakkam,3.7,0,0,0,0,0,0,0,0,0,0,0,0,0,0,0,0,0,0,0,0,0,0,0,3.7,0
Nungambakkam,0.1,0,0,0,0,0,0,0,0,0,0,0,0,0,0,0,0,0,0,0,0,0,0,0,0.1,0
Nungambakkam,17.8,0,0,0,0,0,0,0,0,0,0,0,0,0,0,0,0,0,0,0,0,0,0,0,17.8,0
Nungambakkam,0.8,0,0,0,0,0,0,0,0,0,0,0,0,0,0,0,0,0,0,0,0,0,0,0,0.8,0
Nungambakkam,3.3,0,0,0,0,0,0,0,0,0,0,0,0,0,0,0,0,0,0,0,0,0,0,0,3.3,0
Nungambakkam,5.4,0,0,0,0,0,0,0,0,0,0,0,0,0,0,0,0,0,0,0,0,0,0,0,5.4,0
Nungambakkam,0.1,0,0,0,0,0,0,0,0,0,0,0,0,0,0,0,0,0,0,0,0,0,0,0,0.1,0
Nungambakkam,2.3,0,0,0,0,0,0,0,0,0,0,0,0,0,0,0,0,0,0,0,0,0,0,0,2.3,0
Nungambakkam,1.8,0,0,0,0,0,0,0,0,0,0,0,0,0,0,0,0,0,0,0,0,0,0,0,1.8,0
Nungambakkam,0.6,0,0,0,0,0,0,0,0,0,0,0,0,0,0,0,0,0,0,0,0,0,0,0,0.6,0
Nungambakkam,5.124932507,2.008400826,5.58918224,1.544151093,5.322577055,1.810756278,0,0,0,0,0,0,0,0,0,0,0,0,0,0,0,0,0,0,21.4,0
Nungambakkam,2,0,0,0,0,0,0,0,0,0,0,0,0,0,0,0,0,0,0,0,0,0,0,0,2,0
Nungambakkam,7.4,0,0,0,0,0,0,0,0,0,0,0,0,0,0,0,0,0,0,0,0,0,0,0,7.4,0
Nungambakkam,3.3,0,0,0,0,0,0,0,0,0,0,0,0,0,0,0,0,0,0,0,0,0,0,0,3.3,0
Nungambakkam,3.2,0,0,0,0,0,0,0,0,0,0,0,0,0,0,0,0,0,0,0,0,0,0,0,3.2,0
Nungambakkam,0.2,0,0,0,0,0,0,0,0,0,0,0,0,0,0,0,0,0,0,0,0,0,0,0,0.2,0
Nungambakkam,1.7,0,0,0,0,0,0,0,0,0,0,0,0,0,0,0,0,0,0,0,0,0,0,0,1.7,0
Nungambakkam,0.9,0,0,0,0,0,0,0,0,0,0,0,0,0,0,0,0,0,0,0,0,0,0,0,0.9,0
Nungambakkam,1.3,0,0,0,0,0,0,0,0,0,0,0,0,0,0,0,0,0,0,0,0,0,0,0,1.3,0
Nungambakkam,0.5,0,0,0,0,0,0,0,0,0,0,0,0,0,0,0,0,0,0,0,0,0,0,0,0.5,0
Nungambakkam,10,0,0,0,0,0,0,0,0,0,0,0,0,0,0,0,0,0,0,0,0,0,0,0,10,0
Nungambakkam,3.5,0,0,0,0,0,0,0,0,0,0,0,0,0,0,0,0,0,0,0,0,0,0,0,3.5,0
Nungambakkam,2.4,0,0,0,0,0,0,0,0,0,0,0,0,0,0,0,0,0,0,0,0,0,0,0,2.4,0
Nungambakkam,3.6,0,0,0,0,0,0,0,0,0,0,0,0,0,0,0,0,0,0,0,0,0,0,0,3.6,0
Nungambakkam,3.8,0,0,0,0,0,0,0,0,0,0,0,0,0,0,0,0,0,0,0,0,0,0,0,3.8,0
Nungambakkam,0.9,0,0,0,0,0,0,0,0,0,0,0,0,0,0,0,0,0,0,0,0,0,0,0,0.9,0
Nungambakkam,7.2,0,0,0,0,0,0,0,0,0,0,0,0,0,0,0,0,0,0,0,0,0,0,0,7.2,0
Nungambakkam,0.6,0,0,0,0,0,0,0,0,0,0,0,0,0,0,0,0,0,0,0,0,0,0,0,0.6,0
Nungambakkam,14.2,0,0,0,0,0,0,0,0,0,0,0,0,0,0,0,0,0,0,0,0,0,0,0,14.2,0
Nungambakkam,6.779337515,2.087329152,6.639103995,2.227562671,6.584365918,2.282300749,0,0,0,0,0,0,0,0,0,0,0,0,0,0,0,0,0,0,26.6,0
Nungambakkam,3.7,0,0,0,0,0,0,0,0,0,0,0,0,0,0,0,0,0,0,0,0,0,0,0,3.7,0
Nungambakkam,5.2,0,0,0,0,0,0,0,0,0,0,0,0,0,0,0,0,0,0,0,0,0,0,0,5.2,0
Nungambakkam,18.2,0,0,0,0,0,0,0,0,0,0,0,0,0,0,0,0,0,0,0,0,0,0,0,18.2,0
Nungambakkam,11.6,0,0,0,0,0,0,0,0,0,0,0,0,0,0,0,0,0,0,0,0,0,0,0,11.6,0
Nungambakkam,7.402011976,1.864654691,7.270204894,1.996461773,6.529158256,2.737508411,0,0,0,0,0,0,0,0,0,0,0,0,0,0,0,0,0,0,27.8,0
Nungambakkam,1.7,0,0,0,0,0,0,0,0,0,0,0,0,0,0,0,0,0,0,0,0,0,0,0,1.7,0
Nungambakkam,0.5,0,0,0,0,0,0,0,0,0,0,0,0,0,0,0,0,0,0,0,0,0,0,0,0.5,0
Nungambakkam,1.4,0,0,0,0,0,0,0,0,0,0,0,0,0,0,0,0,0,0,0,0,0,0,0,1.4,0
Nungambakkam,3.4,0,0,0,0,0,0,0,0,0,0,0,0,0,0,0,0,0,0,0,0,0,0,0,3.4,0
Nungambakkam,0.2,0,0,0,0,0,0,0,0,0,0,0,0,0,0,0,0,0,0,0,0,0,0,0,0.2,0
Nungambakkam,0.6,0,0,0,0,0,0,0,0,0,0,0,0,0,0,0,0,0,0,0,0,0,0,0,0.6,0
Nungambakkam,1.2,0,0,0,0,0,0,0,0,0,0,0,0,0,0,0,0,0,0,0,0,0,0,0,1.2,0
Nungambakkam,4.5,0,0,0,0,0,0,0,0,0,0,0,0,0,0,0,0,0,0,0,0,0,0,0,4.5,0
Nungambakkam,1.4,0,0,0,0,0,0,0,0,0,0,0,0,0,0,0,0,0,0,0,0,0,0,0,1.4,0
Nungambakkam,6.041684517,2.158315483,5.863399731,2.336600269,6.245881619,1.954118381,0,0,0,0,0,0,0,0,0,0,0,0,0,0,0,0,0,0,24.6,0
Nungambakkam,4.8,0,0,0,0,0,0,0,0,0,0,0,0,0,0,0,0,0,0,0,0,0,0,0,4.8,0
Nungambakkam,4.814923884,1.851742783,4.987325976,1.679340691,5.201371635,1.465295032,0,0,0,0,0,0,0,0,0,0,0,0,0,0,0,0,0,0,20,0
Nungambakkam,0.3,0,0,0,0,0,0,0,0,0,0,0,0,0,0,0,0,0,0,0,0,0,0,0,0.3,0
Nungambakkam,4.8,0,0,0,0,0,0,0,0,0,0,0,0,0,0,0,0,0,0,0,0,0,0,0,4.8,0
Nungambakkam,5.232807591,1.433859075,4.724587203,1.942079464,4.943839283,1.722827383,0,0,0,0,0,0,0,0,0,0,0,0,0,0,0,0,0,0,20,0
Nungambakkam,0.3,0,0,0,0,0,0,0,0,0,0,0,0,0,0,0,0,0,0,0,0,0,0,0,0.3,0
Nungambakkam,8.6,0,0,0,0,0,0,0,0,0,0,0,0,0,0,0,0,0,0,0,0,0,0,0,8.6,0
Nungambakkam,4.8,0,0,0,0,0,0,0,0,0,0,0,0,0,0,0,0,0,0,0,0,0,0,0,4.8,0
Nungambakkam,9.8,0,0,0,0,0,0,0,0,0,0,0,0,0,0,0,0,0,0,0,0,0,0,0,9.8,0
Nungambakkam,13.62311146,5.010221873,14.15463576,4.478697576,13.48159851,5.151734822,0,0,0,0,0,0,0,0,0,0,0,0,0,0,0,0,0,0,55.9,0
Nungambakkam,4.8,0,0,0,0,0,0,0,0,0,0,0,0,0,0,0,0,0,0,0,0,0,0,0,4.8,0
Nungambakkam,1.6,0,0,0,0,0,0,0,0,0,0,0,0,0,0,0,0,0,0,0,0,0,0,0,1.6,0
Nungambakkam,11.03395074,2.76604926,9.695770266,4.104229734,10.42292996,3.377070039,0,0,0,0,0,0,0,0,0,0,0,0,0,0,0,0,0,0,41.4,0
Nungambakkam,6.897189349,2.369477317,6.576082402,2.690584265,7.277579514,1.989087153,0,0,0,0,0,0,0,0,0,0,0,0,0,0,0,0,0,0,27.8,0
Nungambakkam,14.4,0,0,0,0,0,0,0,0,0,0,0,0,0,0,0,0,0,0,0,0,0,0,0,14.4,0
Nungambakkam,7.002638131,2.264028535,6.668475851,2.598190816,7.257469577,2.00919709,0,0,0,0,0,0,0,0,0,0,0,0,0,0,0,0,0,0,27.8,0
Nungambakkam,5.567868324,2.098798343,5.607257231,2.059409436,5.567216016,2.099450651,0,0,0,0,0,0,0,0,0,0,0,0,0,0,0,0,0,0,23,0
Nungambakkam,9.337759175,3.328907492,9.466820872,3.199845795,8.944802794,3.721863873,0,0,0,0,0,0,0,0,0,0,0,0,0,0,0,0,0,0,38,0
Nungambakkam,16.1,0,0,0,0,0,0,0,0,0,0,0,0,0,0,0,0,0,0,0,0,0,0,0,16.1,0
Nungambakkam,3.3,0,0,0,0,0,0,0,0,0,0,0,0,0,0,0,0,0,0,0,0,0,0,0,3.3,0
Nungambakkam,5.996358012,1.736975321,5.54426637,2.189066963,5.702645949,2.030687384,0,0,0,0,0,0,0,0,0,0,0,0,0,0,0,0,0,0,23.2,0
Nungambakkam,15.47977522,5.153558112,15.20372565,5.429607687,15.68478217,4.94855116,0,0,0,0,0,0,0,0,0,0,0,0,0,0,0,0,0,0,61.9,0
Nungambakkam,6.938912895,2.394420438,7.013749921,2.319583412,7.241880056,2.091453278,0,0,0,0,0,0,0,0,0,0,0,0,0,0,0,0,0,0,28,0
Nungambakkam,14.6,0,0,0,0,0,0,0,0,0,0,0,0,0,0,0,0,0,0,0,0,0,0,0,14.6,0
Nungambakkam,8.8,0,0,0,0,0,0,0,0,0,0,0,0,0,0,0,0,0,0,0,0,0,0,0,8.8,0
Nungambakkam,11.98247719,3.550856143,11.170425,4.362908337,11.19615043,4.337182899,0,0,0,0,0,0,0,0,0,0,0,0,0,0,0,0,0,0,46.6,0
Nungambakkam,16.29956785,4.433765484,16.09213692,4.641196416,16.09968315,4.633650183,0,0,0,0,0,0,0,0,0,0,0,0,0,0,0,0,0,0,62.2,0
Nungambakkam,16.35958232,5.273751012,16.32379326,5.309540076,15.6978813,5.935452037,0,0,0,0,0,0,0,0,0,0,0,0,0,0,0,0,0,0,64.9,0
Nungambakkam,18.58247744,5.784189227,18.02071198,6.345954688,18.75378147,5.612885197,0,0,0,0,0,0,0,0,0,0,0,0,0,0,0,0,0,0,73.1,0
Nungambakkam,5.784465532,1.582201135,5.400957127,1.965709539,5.630449887,1.73621678,0,0,0,0,0,0,0,0,0,0,0,0,0,0,0,0,0,0,22.1,0
Nungambakkam,7.195259807,2.404740193,6.999429195,2.600570805,7.218703959,2.381296041,0,0,0,0,0,0,0,0,0,0,0,0,0,0,0,0,0,0,28.8,0
Nungambakkam,9.697673091,3.435660242,9.257815849,3.875517484,9.861108499,3.272224834,0,0,0,0,0,0,0,0,0,0,0,0,0,0,0,0,0,0,39.4,0
Nungambakkam,17.09273702,5.70726298,17.58030674,5.219693264,17.58099498,5.219005018,0,0,0,0,0,0,0,0,0,0,0,0,0,0,0,0,0,0,68.4,0
Nungambakkam,12.96892151,3.897745158,12.95655733,3.910109339,13.04319982,3.823466842,0,0,0,0,0,0,0,0,0,0,0,0,0,0,0,0,0,0,50.6,0
Nungambakkam,2.2,0,0,0,0,0,0,0,0,0,0,0,0,0,0,0,0,0,0,0,0,0,0,0,2.2,0
Nungambakkam,6.676470117,2.59019655,6.913366729,2.353299937,7.192948746,2.073717921,0,0,0,0,0,0,0,0,0,0,0,0,0,0,0,0,0,0,27.8,0
Nungambakkam,19.2,0,0,0,0,0,0,0,0,0,0,0,0,0,0,0,0,0,0,0,0,0,0,0,19.2,0
Nungambakkam,5.781310973,1.95202236,5.555916297,2.177417037,5.827980955,1.905352378,0,0,0,0,0,0,0,0,0,0,0,0,0,0,0,0,0,0,23.2,0
Nungambakkam,7.295517511,2.771149156,7.047843272,3.018823395,8.003146189,2.063520478,0,0,0,0,0,0,0,0,0,0,0,0,0,0,0,0,0,0,30.2,0
Nungambakkam,1.8,0,0,0,0,0,0,0,0,0,0,0,0,0,0,0,0,0,0,0,0,0,0,0,1.8,0
Nungambakkam,9.6,0,0,0,0,0,0,0,0,0,0,0,0,0,0,0,0,0,0,0,0,0,0,0,9.6,0
Nungambakkam,1.2,0,0,0,0,0,0,0,0,0,0,0,0,0,0,0,0,0,0,0,0,0,0,0,1.2,0
Nungambakkam,10.30908116,3.624252177,10.63523815,3.298095184,10.80087082,3.132462514,0,0,0,0,0,0,0,0,0,0,0,0,0,0,0,0,0,0,41.8,0
Nungambakkam,6.27879618,1.82120382,6.106663658,1.993336342,6.369682731,1.730317269,0,0,0,0,0,0,0,0,0,0,0,0,0,0,0,0,0,0,24.3,0
Nungambakkam,7.129853376,3.003479958,7.307261256,2.826072078,7.586693446,2.546639887,0,0,0,0,0,0,0,0,0,0,0,0,0,0,0,0,0,0,30.4,0
Nungambakkam,11.96134007,3.06365993,11.83355671,3.191443294,11.12542899,3.89957101,11.12600975,3.898990252,10.73473274,4.29026726,10.57277418,4.452225818,11.32674102,3.698258985,11.97481659,3.050183414,11.9542515,3.070748503,11.13071278,3.894287216,10.56474393,4.460256072,11.48223314,3.542766858,180.3,1
Nungambakkam,7.89821544,2.568451227,8.259745515,2.206921152,8.167070678,2.299595989,0,0,0,0,0,0,0,0,0,0,0,0,0,0,0,0,0,0,31.4,0
Nungambakkam,16.4,0,0,0,0,0,0,0,0,0,0,0,0,0,0,0,0,0,0,0,0,0,0,0,16.4,0
Nungambakkam,17.06900143,4.530998575,17.10687515,4.493124855,15.42978102,6.170218979,0,0,0,0,0,0,0,0,0,0,0,0,0,0,0,0,0,0,64.8,0
Nungambakkam,2,0,0,0,0,0,0,0,0,0,0,0,0,0,0,0,0,0,0,0,0,0,0,0,2,0
Nungambakkam,7.4,0,0,0,0,0,0,0,0,0,0,0,0,0,0,0,0,0,0,0,0,0,0,0,7.4,0
Nungambakkam,11.3,0,0,0,0,0,0,0,0,0,0,0,0,0,0,0,0,0,0,0,0,0,0,0,11.3,0
Nungambakkam,16.6,0,0,0,0,0,0,0,0,0,0,0,0,0,0,0,0,0,0,0,0,0,0,0,16.6,0
Nungambakkam,15.6,0,0,0,0,0,0,0,0,0,0,0,0,0,0,0,0,0,0,0,0,0,0,0,15.6,0
Nungambakkam,16.4,0,0,0,0,0,0,0,0,0,0,0,0,0,0,0,0,0,0,0,0,0,0,0,16.4,0
Nungambakkam,16.4,0,0,0,0,0,0,0,0,0,0,0,0,0,0,0,0,0,0,0,0,0,0,0,16.4,0
Nungambakkam,6.6,0,0,0,0,0,0,0,0,0,0,0,0,0,0,0,0,0,0,0,0,0,0,0,6.6,0
Nungambakkam,18.6,0,0,0,0,0,0,0,0,0,0,0,0,0,0,0,0,0,0,0,0,0,0,0,18.6,0
Nungambakkam,12.56923745,3.29742922,11.61062056,4.256046106,11.7742236,4.092443069,8.058647874,7.808018793,10.97664709,4.890019577,8.319585668,7.547080998,0,0,0,0,0,0,0,0,0,0,0,0,95.2,0
Nungambakkam,11.17033855,2.996328112,10.85427856,3.312388105,10.80957483,3.357091838,0,0,0,0,0,0,0,0,0,0,0,0,0,0,0,0,0,0,42.5,0
Nungambakkam,0.2,0,0,0,0,0,0,0,0,0,0,0,0,0,0,0,0,0,0,0,0,0,0,0,0.2,0
Nungambakkam,5.5,0,0,0,0,0,0,0,0,0,0,0,0,0,0,0,0,0,0,0,0,0,0,0,5.5,0
Nungambakkam,10.73280897,3.467191032,10.89320588,3.306794124,10.65042753,3.549572466,0,0,0,0,0,0,0,0,0,0,0,0,0,0,0,0,0,0,42.6,0
Nungambakkam,7.29521221,2.638121123,7.316777405,2.616555929,7.333526701,2.599806633,0,0,0,0,0,0,0,0,0,0,0,0,0,0,0,0,0,0,29.8,0
Nungambakkam,16.28887449,5.777792178,16.37141669,5.695249974,16.09951441,5.967152253,0,0,0,0,0,0,0,0,0,0,0,0,0,0,0,0,0,0,66.2,0
Nungambakkam,2.2,0,0,0,0,0,0,0,0,0,0,0,0,0,0,0,0,0,0,0,0,0,0,0,2.2,0
Nungambakkam,5.989874571,2.143458762,5.872657347,2.260675986,6.214063068,1.919270265,0,0,0,0,0,0,0,0,0,0,0,0,0,0,0,0,0,0,24.4,0
Nungambakkam,0.4,0,0,0,0,0,0,0,0,0,0,0,0,0,0,0,0,0,0,0,0,0,0,0,0.4,0
Nungambakkam,5.8,0,0,0,0,0,0,0,0,0,0,0,0,0,0,0,0,0,0,0,0,0,0,0,5.8,0
Nungambakkam,7.743558342,2.823108325,8.111699058,2.454967608,8.354969693,2.211696974,0,0,0,0,0,0,0,0,0,0,0,0,0,0,0,0,0,0,31.7,0
Nungambakkam,9.764831847,7.935168153,9.033011197,8.666988803,11.46797251,6.232027486,11.52084889,6.179151109,11.48443684,6.215563162,14.33643944,3.363560561,0,0,0,0,0,0,0,0,0,0,0,0,106.2,1
Nungambakkam,14.74778779,3.885545547,16.19462793,2.438705403,12.43022191,6.203111421,16.47775106,2.155582271,15.17624221,3.45709112,12.57065898,6.062674349,0,0,0,0,0,0,0,0,0,0,0,0,111.8,1
Nungambakkam,2.4,0,0,0,0,0,0,0,0,0,0,0,0,0,0,0,0,0,0,0,0,0,0,0,2.4,0
Nungambakkam,5.248262198,1.918404469,5.461305563,1.705361104,5.297059576,1.86960709,0,0,0,0,0,0,0,0,0,0,0,0,0,0,0,0,0,0,21.5,0
Nungambakkam,0.6,0,0,0,0,0,0,0,0,0,0,0,0,0,0,0,0,0,0,0,0,0,0,0,0.6,0
Nungambakkam,1.1,0,0,0,0,0,0,0,0,0,0,0,0,0,0,0,0,0,0,0,0,0,0,0,1.1,0
Nungambakkam,2.2,0,0,0,0,0,0,0,0,0,0,0,0,0,0,0,0,0,0,0,0,0,0,0,2.2,0
Nungambakkam,0.2,0,0,0,0,0,0,0,0,0,0,0,0,0,0,0,0,0,0,0,0,0,0,0,0.2,0
Nungambakkam,20.4083353,5.991664703,18.98760579,7.41239421,19.25337007,7.146629926,0,0,0,0,0,0,0,0,0,0,0,0,0,0,0,0,0,0,79.2,0
Nungambakkam,4.4,0,0,0,0,0,0,0,0,0,0,0,0,0,0,0,0,0,0,0,0,0,0,0,4.4,0
Nungambakkam,15.3,0,0,0,0,0,0,0,0,0,0,0,0,0,0,0,0,0,0,0,0,0,0,0,15.3,0
Nungambakkam,11.4,0,0,0,0,0,0,0,0,0,0,0,0,0,0,0,0,0,0,0,0,0,0,0,11.4,0
Nungambakkam,3.4,0,0,0,0,0,0,0,0,0,0,0,0,0,0,0,0,0,0,0,0,0,0,0,3.4,0
Nungambakkam,10.85175924,4.348240761,10.74639455,4.453605452,11.57318258,3.626817417,0,0,0,0,0,0,0,0,0,0,0,0,0,0,0,0,0,0,45.6,0
Nungambakkam,16.8,0,0,0,0,0,0,0,0,0,0,0,0,0,0,0,0,0,0,0,0,0,0,0,16.8,0
Nungambakkam,13.59067963,4.209320366,13.84157668,3.95842332,13.10443514,4.695564857,0,0,0,0,0,0,0,0,0,0,0,0,0,0,0,0,0,0,53.4,0
Nungambakkam,1.3,0,0,0,0,0,0,0,0,0,0,0,0,0,0,0,0,0,0,0,0,0,0,0,1.3,0
Nungambakkam,7,0,0,0,0,0,0,0,0,0,0,0,0,0,0,0,0,0,0,0,0,0,0,0,7,0
Nungambakkam,1.4,0,0,0,0,0,0,0,0,0,0,0,0,0,0,0,0,0,0,0,0,0,0,0,1.4,0
Nungambakkam,2.3,0,0,0,0,0,0,0,0,0,0,0,0,0,0,0,0,0,0,0,0,0,0,0,2.3,0
Nungambakkam,16.83680834,6.629858326,16.85076358,6.61590309,16.4317555,7.034911166,0,0,0,0,0,0,0,0,0,0,0,0,0,0,0,0,0,0,70.4,0
Nungambakkam,0.8,0,0,0,0,0,0,0,0,0,0,0,0,0,0,0,0,0,0,0,0,0,0,0,0.8,0
Nungambakkam,2,0,0,0,0,0,0,0,0,0,0,0,0,0,0,0,0,0,0,0,0,0,0,0,2,0
Nungambakkam,9.3,0,0,0,0,0,0,0,0,0,0,0,0,0,0,0,0,0,0,0,0,0,0,0,9.3,0
Nungambakkam,0.3,0,0,0,0,0,0,0,0,0,0,0,0,0,0,0,0,0,0,0,0,0,0,0,0.3,0
Nungambakkam,5.035591974,1.731074692,4.977470278,1.789196389,4.8333003,1.933366367,0,0,0,0,0,0,0,0,0,0,0,0,0,0,0,0,0,0,20.3,0
Nungambakkam,4.2,0,0,0,0,0,0,0,0,0,0,0,0,0,0,0,0,0,0,0,0,0,0,0,4.2,0
Nungambakkam,2.2,0,0,0,0,0,0,0,0,0,0,0,0,0,0,0,0,0,0,0,0,0,0,0,2.2,0
Nungambakkam,6.004766901,2.261899766,6.402194619,1.864472048,5.816253232,2.450413435,0,0,0,0,0,0,0,0,0,0,0,0,0,0,0,0,0,0,24.8,0
Nungambakkam,5.667618613,1.632381387,5.219701086,2.080298914,5.195453758,2.104546242,0,0,0,0,0,0,0,0,0,0,0,0,0,0,0,0,0,0,21.9,0
Nungambakkam,9.9,0,0,0,0,0,0,0,0,0,0,0,0,0,0,0,0,0,0,0,0,0,0,0,9.9,0
Nungambakkam,14.45484053,6.011826135,14.77491327,5.691753392,15.33838753,5.128279136,0,0,0,0,0,0,0,0,0,0,0,0,0,0,0,0,0,0,61.4,0
Nungambakkam,2.6,0,0,0,0,0,0,0,0,0,0,0,0,0,0,0,0,0,0,0,0,0,0,0,2.6,0
Nungambakkam,2.4,0,0,0,0,0,0,0,0,0,0,0,0,0,0,0,0,0,0,0,0,0,0,0,2.4,0
Nungambakkam,9,0,0,0,0,0,0,0,0,0,0,0,0,0,0,0,0,0,0,0,0,0,0,0,9,0
Nungambakkam,9.7,0,0,0,0,0,0,0,0,0,0,0,0,0,0,0,0,0,0,0,0,0,0,0,9.7,0
Nungambakkam,16.8,0,0,0,0,0,0,0,0,0,0,0,0,0,0,0,0,0,0,0,0,0,0,0,16.8,0
Nungambakkam,10.25788815,4.042111849,10.568596,3.731403997,10.8839261,3.416073902,0,0,0,0,0,0,0,0,0,0,0,0,0,0,0,0,0,0,42.9,0
Nungambakkam,4,0,0,0,0,0,0,0,0,0,0,0,0,0,0,0,0,0,0,0,0,0,0,0,4,0
Nungambakkam,1,0,0,0,0,0,0,0,0,0,0,0,0,0,0,0,0,0,0,0,0,0,0,0,1,0
Nungambakkam,7.17657673,1.890089937,6.530674481,2.535992186,6.636909053,2.429757614,0,0,0,0,0,0,0,0,0,0,0,0,0,0,0,0,0,0,27.2,0
Nungambakkam,17,0,0,0,0,0,0,0,0,0,0,0,0,0,0,0,0,0,0,0,0,0,0,0,17,0
Nungambakkam,11.6,0,0,0,0,0,0,0,0,0,0,0,0,0,0,0,0,0,0,0,0,0,0,0,11.6,0
Nungambakkam,6.642767753,2.357232247,6.354799059,2.645200941,6.565131227,2.434868773,0,0,0,0,0,0,0,0,0,0,0,0,0,0,0,0,0,0,27,0
Nungambakkam,4.8,0,0,0,0,0,0,0,0,0,0,0,0,0,0,0,0,0,0,0,0,0,0,0,4.8,0
Nungambakkam,9.557574977,3.775758356,10.2055233,3.127810037,9.852087488,3.481245846,0,0,0,0,0,0,0,0,0,0,0,0,0,0,0,0,0,0,40,0
Nungambakkam,8.112489545,3.087510455,8.232695238,2.967304762,8.661954976,2.538045024,0,0,0,0,0,0,0,0,0,0,0,0,0,0,0,0,0,0,33.6,0
Nungambakkam,19.95692493,6.143075068,20.3132222,5.786777805,18.84353248,7.25646752,0,0,0,0,0,0,0,0,0,0,0,0,0,0,0,0,0,0,78.3,0
Nungambakkam,15.47828315,6.488383515,16.74231288,5.224353785,16.81013032,5.156536348,0,0,0,0,0,0,0,0,0,0,0,0,0,0,0,0,0,0,65.9,0
Nungambakkam,5.1,0,0,0,0,0,0,0,0,0,0,0,0,0,0,0,0,0,0,0,0,0,0,0,5.1,0
Nungambakkam,2.9,0,0,0,0,0,0,0,0,0,0,0,0,0,0,0,0,0,0,0,0,0,0,0,2.9,0
Nungambakkam,7.3,0,0,0,0,0,0,0,0,0,0,0,0,0,0,0,0,0,0,0,0,0,0,0,7.3,0
Nungambakkam,12.6,0,0,0,0,0,0,0,0,0,0,0,0,0,0,0,0,0,0,0,0,0,0,0,12.6,0
Nungambakkam,8.350411994,2.882921339,8.282831713,2.950501621,8.203212449,3.030120885,0,0,0,0,0,0,0,0,0,0,0,0,0,0,0,0,0,0,33.7,0
Nungambakkam,17.4,0,0,0,0,0,0,0,0,0,0,0,0,0,0,0,0,0,0,0,0,0,0,0,17.4,0
Nungambakkam,12.25066615,6.582667179,12.66372114,6.16961219,10.91173731,7.921596027,16.57495499,2.258378339,10.63437725,8.198956086,17.94051553,0.892817806542025,0,0,0,0,0,0,0,0,0,0,0,0,113,0
Nungambakkam,22.89361694,6.098049725,22.32984232,6.661824347,21.08726286,7.904403808,21.71567233,7.275994335,23.02659971,5.965066953,21.38807483,7.603591841,23.13371167,5.857954992,21.58816227,7.403504401,23.03798357,5.953683092,21.65403717,7.337629498,23.14616462,5.845502051,22.31597326,6.675693408,347.9,1
Nungambakkam,11.6,0,0,0,0,0,0,0,0,0,0,0,0,0,0,0,0,0,0,0,0,0,0,0,11.6,0
Nungambakkam,8.252718499,3.147281501,8.437721796,2.962278204,8.140305769,3.259694231,0,0,0,0,0,0,0,0,0,0,0,0,0,0,0,0,0,0,34.2,0
Nungambakkam,1.2,0,0,0,0,0,0,0,0,0,0,0,0,0,0,0,0,0,0,0,0,0,0,0,1.2,0
Nungambakkam,15.5,0,0,0,0,0,0,0,0,0,0,0,0,0,0,0,0,0,0,0,0,0,0,0,15.5,0
Nungambakkam,2.8,0,0,0,0,0,0,0,0,0,0,0,0,0,0,0,0,0,0,0,0,0,0,0,2.8,0
Nungambakkam,5.6,0,0,0,0,0,0,0,0,0,0,0,0,0,0,0,0,0,0,0,0,0,0,0,5.6,0
Nungambakkam,0.4,0,0,0,0,0,0,0,0,0,0,0,0,0,0,0,0,0,0,0,0,0,0,0,0.4,0
Nungambakkam,8.883948791,3.482717876,9.782064235,2.584602432,9.86850792,2.498158747,0,0,0,0,0,0,0,0,0,0,0,0,0,0,0,0,0,0,37.1,0
Nungambakkam,9.566794869,3.133205131,9.56851887,3.13148113,10.04303417,2.656965833,0,0,0,0,0,0,0,0,0,0,0,0,0,0,0,0,0,0,38.1,0
Nungambakkam,17.5,0,0,0,0,0,0,0,0,0,0,0,0,0,0,0,0,0,0,0,0,0,0,0,17.5,0
Nungambakkam,6.8,0,0,0,0,0,0,0,0,0,0,0,0,0,0,0,0,0,0,0,0,0,0,0,6.8,0
Nungambakkam,19.52317492,6.510158414,18.51811294,7.515220389,19.29882436,6.734508976,0,0,0,0,0,0,0,0,0,0,0,0,0,0,0,0,0,0,78.1,0
Nungambakkam,13.01710971,5.049556959,13.49206059,4.574606074,12.95710833,5.109558336,0,0,0,0,0,0,0,0,0,0,0,0,0,0,0,0,0,0,54.2,0
Nungambakkam,13.11925021,4.747416458,13.42872026,4.437946406,14.05116044,3.81550623,0,0,0,0,0,0,0,0,0,0,0,0,0,0,0,0,0,0,53.6,0
Nungambakkam,7.62318914,2.57681086,8.124960691,2.075039309,8.122312768,2.077687232,0,0,0,0,0,0,0,0,0,0,0,0,0,0,0,0,0,0,30.6,0
Nungambakkam,18.03242661,4.73424006,18.12735521,4.63931146,16.51311292,6.253553749,0,0,0,0,0,0,0,0,0,0,0,0,0,0,0,0,0,0,68.3,0
Nungambakkam,17.26255399,3.270779347,10.41013737,10.12319596,13.3387365,7.194596834,18.22080276,2.312530576,14.30118761,6.232145728,18.979694,1.55363933,0,0,0,0,0,0,0,0,0,0,0,0,123.2,1
Nungambakkam,12.10788197,6.77545136,16.70336272,2.179970618,12.58776244,6.295570897,15.38117931,3.502154021,11.78133275,7.102000584,11.03837304,7.844960294,0,0,0,0,0,0,0,0,0,0,0,0,113.3,1
Nungambakkam,20.94618758,6.070479085,23.4403062,3.576360468,16.05274506,10.9639216,17.13117835,9.885488321,21.20177465,5.814892021,23.51428347,3.502383192,0,0,0,0,0,0,0,0,0,0,0,0,162.1,1
Nungambakkam,12.15598771,4.377345623,12.05381786,4.479515476,12.34029715,4.193036178,0,0,0,0,0,0,0,0,0,0,0,0,0,0,0,0,0,0,49.6,0
Nungambakkam,12.61432403,7.219009307,17.60747724,2.225856092,13.39680011,6.436533225,19.45370953,0.379623800424685,19.64380294,0.189530397354547,15.39216078,4.441172553,0,0,0,0,0,0,0,0,0,0,0,0,119,0
Nungambakkam,19.39555108,6.937782258,18.80566651,7.527666825,18.89125223,7.442081101,0,0,0,0,0,0,0,0,0,0,0,0,0,0,0,0,0,0,79,0
Nungambakkam,8.201173963,5.232159371,6.718215262,6.715118071,10.24634245,3.186990884,9.111506725,4.321826609,8.335248296,5.098085037,10.16984074,3.263492598,0,0,0,0,0,0,0,0,0,0,0,0,80.6,0
Nungambakkam,14.27292362,5.727076384,14.3690895,5.630910502,14.49503331,5.504966689,0,0,0,0,0,0,0,0,0,0,0,0,0,0,0,0,0,0,60,0
Nungambakkam,14.38910277,2.660897232,14.55065303,2.499346973,9.99769388,7.05230612,15.09945752,1.950542483,8.901657042,8.148342958,9.588644128,7.461355872,0,0,0,0,0,0,0,0,0,0,0,0,102.3,1
Nungambakkam,14.05560077,3.677732561,9.333553023,8.399780311,9.676252157,8.057081177,11.26521617,6.468117161,9.296197804,8.437135529,9.747573286,7.985760047,0,0,0,0,0,0,0,0,0,0,0,0,106.4,1
Nungambakkam,19.56881086,0.48118914232956,15.43304098,4.616959025,14.21878536,5.831214636,18.15109236,1.898907644,18.23706027,1.812939729,12.41412941,7.635870587,0,0,0,0,0,0,0,0,0,0,0,0,120.3,0
Nungambakkam,9.017942607,2.782057393,9.011765631,2.788234369,8.939782176,2.860217824,0,0,0,0,0,0,0,0,0,0,0,0,0,0,0,0,0,0,35.4,0
Nungambakkam,7.415194649,6.484805351,12.07897866,1.821021342,10.30990318,3.590096818,11.12398724,2.776012764,7.987163243,5.912836757,10.26114812,3.638851876,0,0,0,0,0,0,0,0,0,0,0,0,83.4,0
Nungambakkam,9.182406174,4.850927159,8.570889603,5.46244373,8.241062671,5.792270663,13.57290672,0.460426608590078,7.456303104,6.57703023,11.15561226,2.87772107,0,0,0,0,0,0,0,0,0,0,0,0,84.2,0
Nungambakkam,16.47496187,6.458371466,16.09969061,6.833642719,17.18232564,5.751007689,0,0,0,0,0,0,0,0,0,0,0,0,0,0,0,0,0,0,68.8,0
Nungambakkam,14.27540214,5.491264525,14.23506937,5.531597292,14.66625602,5.100410648,0,0,0,0,0,0,0,0,0,0,0,0,0,0,0,0,0,0,59.3,0
Nungambakkam,18.07765882,6.989007847,19.00370533,6.062961337,18.29688916,6.769777509,0,0,0,0,0,0,0,0,0,0,0,0,0,0,0,0,0,0,75.2,0
Nungambakkam,12.70435754,4.162309124,12.87587921,3.990787459,13.33544675,3.531219917,0,0,0,0,0,0,0,0,0,0,0,0,0,0,0,0,0,0,50.6,0
Nungambakkam,11.85847688,1.774856451,8.441416478,5.191916856,10.97904772,2.654285618,7.578097457,6.055235876,9.266021769,4.367311565,12.26538531,1.367948027,0,0,0,0,0,0,0,0,0,0,0,0,81.8,0
Nungambakkam,8.894347369,3.672319297,9.85575076,2.710915907,9.733067223,2.833599443,0,0,0,0,0,0,0,0,0,0,0,0,0,0,0,0,0,0,37.7,0
Nungambakkam,13.08705354,4.429613126,16.23897515,1.277691518,16.07718986,1.439476802,11.89312827,5.623538392,10.67345838,6.84320829,15.93673498,1.579931685,0,0,0,0,0,0,0,0,0,0,0,0,105.1,1
Nungambakkam,12.88950679,4.310493209,12.57533127,4.624668733,12.87304509,4.326954906,0,0,0,0,0,0,0,0,0,0,0,0,0,0,0,0,0,0,51.6,0
Nungambakkam,13.20779106,0.508875609797983,9.938558846,3.778107821,11.84173697,1.874929692,10.87748679,2.839179876,10.47259263,3.244074036,11.48410309,2.232563574,0,0,0,0,0,0,0,0,0,0,0,0,82.3,0
Nungambakkam,19.09665225,7.603347752,16.31087678,10.38912322,15.23232887,11.46767113,14.15518008,12.54481992,13.8849657,12.8150343,19.55503775,7.144962247,0,0,0,0,0,0,0,0,0,0,0,0,160.2,1
Nungambakkam,19.45138634,3.215280331,17.28090157,5.385765093,22.32691259,0.339754075248016,15.37475343,7.291913233,13.74359782,8.923068847,13.97282956,8.693837106,0,0,0,0,0,0,0,0,0,0,0,0,136,1
Nungambakkam,14.36787433,4.732125672,13.88859891,5.211401095,14.83421764,4.265782359,15.13752962,3.962470384,14.31735653,4.782643468,14.95778993,4.142210068,14.84018935,4.259810646,15.07825026,4.021749743,14.24913909,4.850860911,14.09186391,5.008136094,14.45671158,4.643288424,14.5809049,4.519095098,229.2,1
Nungambakkam,12.04318825,3.640145081,11.12751501,4.55581832,11.22122875,4.462104579,11.78749013,3.895843201,12.05758462,3.625748709,11.90780274,3.775530595,11.84580534,3.83752799,12.17502419,3.508309141,11.93603951,3.74729382,11.82073583,3.862597501,11.31463741,4.368695922,11.89209166,3.791241672,188.2,1
Nungambakkam,18.22094748,2.345719189,13.52144019,7.04522648,18.54945207,2.017214594,12.48368908,8.082977588,15.15239436,5.414272309,19.74897124,0.817695422842758,0,0,0,0,0,0,0,0,0,0,0,0,123.4,1
Nungambakkam,25.61456066,0.41877267737599,25.65954853,0.373784798619723,17.35561248,8.677720852,20.86733136,5.16600197,19.19751012,6.835823215,25.02720158,1.006131757,0,0,0,0,0,0,0,0,0,0,0,0,156.2,1
Nungambakkam,12.98604324,9.247290089,14.45016937,7.783163959,16.55230558,5.681027756,14.25791047,7.975422861,18.76345734,3.469875996,15.4942202,6.739113129,0,0,0,0,0,0,0,0,0,0,0,0,133.4,1
Nungambakkam,20.92178425,7.844882414,20.53376055,8.232906113,22.71822769,6.048438973,20.3638389,8.402827764,21.19242924,7.574237429,21.65170823,7.114958438,21.12677132,7.639895352,20.79003415,7.976632522,21.48417864,7.282488026,21.87675714,6.889909525,20.28711142,8.479555245,22.88924214,5.877424525,345.2,1
Nungambakkam,15.93345839,4.733208273,14.75585323,5.910813435,14.85520871,5.811457959,14.50816751,6.158499155,14.78835448,5.878312188,14.93005009,5.736616577,16.43659603,4.230070635,15.55461717,5.112049499,15.8032857,4.863380964,16.19567215,4.470994514,16.12890128,4.537765383,15.47665817,5.190008502,248,1
Nungambakkam,11.68329318,4.775040151,12.25813934,4.200193996,13.02657781,3.431755523,11.63302452,4.825308813,11.86477576,4.593557575,11.92677537,4.531557966,12.35475724,4.103576091,12.78941703,3.668916302,12.85775499,3.600578348,12.15314547,4.30518786,11.80061895,4.657714383,13.05476903,3.403564303,197.5,1
Nungambakkam,20.32004116,6.546625505,20.59793135,6.268735318,21.22626569,5.640400973,19.74599154,7.120675123,19.41192883,7.454737832,20.78971753,6.076949139,19.37332959,7.493337077,20.97388725,5.892779418,20.46509514,6.401571528,20.65861078,6.208055882,19.43532579,7.431340878,21.21201906,5.65464761,322.4,1
Nungambakkam,15.58777227,5.578894392,16.4867325,4.679934171,16.6818022,4.484864467,15.58570975,5.580956921,16.32362537,4.843041292,16.78648446,4.380182205,15.11846472,6.048201942,16.00447729,5.16218938,16.76012853,4.406538137,15.13333501,6.033331652,16.37048046,4.796186205,15.83830643,5.328360239,254,1
Nungambakkam,10.83197747,4.084689195,11.87844366,3.038223006,11.30929357,3.6073731,10.85492888,4.061737787,11.60314713,3.313519536,11.05316849,3.863498174,11.09393133,3.822735337,11.60053258,3.316134089,11.70442985,3.212236813,10.85471002,4.061956648,10.45307948,4.46358719,10.5007202,4.415946462,179,1
Nungambakkam,11.17806418,3.171935824,10.58586592,3.764134084,11.18030832,3.169691683,10.8895997,3.460400301,11.04210815,3.307891848,10.25315007,4.096849928,10.67162872,3.678371275,10.51769544,3.83230456,10.83705159,3.512948409,11.11654235,3.23345765,11.28163468,3.068365316,11.16464237,3.18535763,172.2,1
Nungambakkam,11.20055389,4.674446107,12.64058363,3.234416369,11.83224784,4.042752162,11.30657079,4.568429206,11.11661294,4.758387064,11.5069067,4.368093295,12.25775292,3.617247085,11.83389661,4.041103386,11.48176929,4.393230705,11.24943984,4.625560164,12.66838001,3.206619989,12.59930779,3.275692207,190.5,1
Nungambakkam,14.72275729,4.093909372,14.65871801,4.157948653,14.80177955,4.014887121,13.45918217,5.357484499,14.70562823,4.111038433,13.7679208,5.048745868,13.30072681,5.515939861,14.54765928,4.269007387,13.19827562,5.618391048,13.76663712,5.050029548,14.14009484,4.676571828,13.57114093,5.245525736,225.8,1
Nungambakkam,21.17322793,7.385105407,22.83438272,5.723950616,20.11245231,8.44588102,21.0141058,7.544227532,21.75988868,6.79844465,20.30642936,8.251903976,21.64453107,6.91380226,20.4626189,8.09571443,20.49958474,8.05874859,20.60605372,7.952279615,21.53038006,7.027953275,20.38447864,8.173854694,342.7,1
Nungambakkam,28.90878372,9.149549616,30.43437132,7.623962016,27.67446918,10.38386416,28.9726942,9.085639136,27.09049742,10.96783592,29.53972821,8.518605127,27.35618374,10.70214959,30.35792614,7.700407188,29.64838293,8.409950403,30.19937796,7.858955371,29.7815062,8.276827138,29.18849147,8.869841868,456.7,1
Nungambakkam,31.72266154,8.185671795,30.42866874,9.479664595,28.76467921,11.14365413,29.44928133,10.459052,31.55956313,8.348770206,29.17153365,10.73679968,28.55661009,11.35172324,30.32794754,9.580385789,31.55970899,8.348624341,28.91987368,10.98845966,30.31342895,9.594904382,29.45857261,10.44976072,478.9,1
Nungambakkam,25.09217452,7.424492143,23.88682248,8.629844184,23.11103927,9.405627401,25.44119876,7.075467902,24.28845954,8.228207126,22.79325751,9.723409154,25.94330178,6.573364885,25.08484446,7.431822204,24.12136415,8.395302513,24.54541625,7.971250417,25.36682348,7.149843186,24.42346373,8.093202939,390.2,1
Nungambakkam,28.83272593,8.250607407,27.51795916,9.565374174,26.36436538,10.71896795,28.88284987,8.20048346,28.27673326,8.806600069,27.90355311,9.179780218,28.75050325,8.332830086,26.63511497,10.44821836,28.39456502,8.68876831,28.82050926,8.262824072,28.41509045,8.668242886,27.34777324,9.735560094,445,1
Nungambakkam,11.35688527,4.226448066,11.72097565,3.862357681,12.03700178,3.546331549,11.95282518,3.630508157,11.61878901,3.964544321,11.4758682,4.107465129,11.00826828,4.57506505,12.04098121,3.542352122,12.13883281,3.444500524,11.11889377,4.464439559,11.09276026,4.490573069,11.64823078,3.935102555,187,1
Nungambakkam,19.75955859,7.148774748,19.41316518,7.495168156,20.47141519,6.436918144,20.27164433,6.636689002,21.40558438,5.50274895,20.94750892,5.960824411,20.35512871,6.553204627,19.57129889,7.337034448,19.14300388,7.765329449,20.33166747,6.576665862,20.5712239,6.337109437,19.84761864,7.06071469,322.9,1
Nungambakkam,18.65677426,6.159892405,18.11663121,6.700035459,18.27573508,6.540931588,18.94303851,5.873628158,18.86206379,5.954602876,18.36039933,6.456267333,17.45289452,7.363772147,17.92515103,6.891515632,19.51184872,5.304817947,17.77849436,7.03817231,19.50436912,5.312297544,18.55507777,6.261588898,297.8,1
Nungambakkam,18.56881162,4.931188375,18.79212252,4.707877479,18.28420759,5.215792413,17.2051255,6.294874498,18.02121727,5.478782734,17.01418037,6.485819632,18.74783295,4.752167053,16.64669257,6.853307428,17.54970505,5.950294953,18.78187219,4.718127806,17.45262618,6.047373819,16.68473687,6.815263126,282,1
Nungambakkam,16.97717079,6.264495877,17.24723612,5.994430543,16.7439946,6.49767207,16.93726797,6.304398698,17.79158826,5.450078402,17.37227414,5.869392529,17.48666366,5.755003012,17.30132984,5.940336823,18.0096857,5.23198097,16.38654597,6.855120701,17.33024385,5.911422821,17.29520635,5.94646032,278.9,1
Nungambakkam,16.68548074,5.539519265,16.32218108,5.902818916,16.40044781,5.824552192,17.22033158,5.004668415,16.27197919,5.953020807,16.61262311,5.612376886,17.49160594,4.733394056,16.88427058,5.340729418,15.88062667,6.344373325,15.79918085,6.425819146,17.06415241,5.160847588,15.5594446,6.665555397,266.7,1
Nungambakkam,19.51528617,6.09304716,19.56844008,6.039893258,18.94962821,6.658705123,18.59617889,7.012154447,19.99067913,5.617654204,18.81041649,6.797916846,20.05359552,5.554737813,18.34546197,7.262871367,19.49239059,6.115942739,19.59475352,6.01357981,19.56675324,6.041580089,19.01871444,6.589618898,307.3,1
Nungambakkam,20.00267934,6.030653993,20.71061607,5.322717258,18.52584812,7.507485209,18.91834492,7.11498841,18.34785952,7.68547381,18.86763102,7.165702314,18.23663929,7.796694047,20.41170403,5.621629302,19.82699994,6.206333394,18.70152598,7.331807357,19.86791964,6.165413692,18.84570453,7.187628801,312.4,1
Nungambakkam,20.19443028,6.855569724,18.95812088,8.091879124,19.43325576,7.616744237,20.18152745,6.868472546,21.21318386,5.836816143,19.78532933,7.264670667,19.91426635,7.135733646,19.7569506,7.293049404,20.28863589,6.761364109,19.27075034,7.779249662,20.45770081,6.592299192,19.00230039,8.04769961,324.6,1
Nungambakkam,25.0561055,6.518894495,22.57390558,9.001094421,24.64314345,6.931856548,23.03246301,8.54253699,24.66982906,6.905170937,23.77052011,7.804479886,23.21597033,8.359029667,22.36928632,9.20571368,24.9054031,6.669596904,23.82173558,7.753264424,23.06234587,8.512654134,24.53840621,7.036593788,378.9,1
Nungambakkam,21.45036278,7.632970548,21.91700248,7.166330854,21.05665712,8.026676213,22.61546753,6.467865805,20.94954404,8.133789293,21.27369737,7.809635968,21.71607503,7.367258302,22.03112775,7.052205582,20.67704837,8.406284965,21.2135761,7.869757229,21.86542548,7.217907851,22.67709357,6.40623976,349,1
Nungambakkam,23.21902813,5.947638536,23.31837443,5.848292239,20.85230684,8.314359822,21.15960778,8.007058889,22.35104971,6.815616953,21.31028541,7.85638126,21.63958613,7.527080533,21.03291564,8.133751029,21.55690097,7.6097657,21.31540258,7.85126409,22.38295469,6.783711976,21.45976002,7.706906642,350,1
Nungambakkam,21.1500713,7.649928697,20.91539254,7.884607457,21.2886545,7.511345502,20.44150964,8.358490364,21.72350314,7.07649686,20.95738558,7.842614422,23.00177039,5.79822961,20.50019599,8.299804009,20.609739,8.190261004,22.72404723,6.075952771,20.66937455,8.13062545,21.69094423,7.109055768,345.6,1
Nungambakkam,21.96505882,8.684941181,22.14582409,8.504175905,24.26663406,6.383365939,21.90075709,8.74924291,22.76469658,7.885303418,23.74762409,6.902375915,23.80341383,6.846586171,22.87085614,7.779143863,22.42897635,8.221023651,21.66673063,8.983269371,23.18632612,7.463673884,23.33952712,7.310472882,367.8,1
Nungambakkam,22.97672993,9.556603405,23.26353056,9.269802774,24.20710632,8.326227018,24.95369364,7.579639692,22.84354558,9.68978775,23.78213791,8.75119542,23.47507025,9.058263079,23.49691843,9.036414907,24.270242,8.263091328,22.77792106,9.755412271,25.06461107,7.468722266,24.72037472,7.812958617,390.4,1
Nungambakkam,25.47618053,7.857152804,24.61631154,8.717021794,24.10459041,9.228742922,25.60992319,7.723410143,24.82283708,8.510496257,25.27689468,8.056438649,25.44778199,7.885551345,25.3201543,8.013179029,25.91825127,7.415082063,24.811769,8.52156433,25.99886834,7.334464994,24.24728353,9.086049803,400,1
Nungambakkam,26.80931336,8.357353305,26.43676332,8.729903348,25.86576977,9.300896898,27.11312181,8.053544853,27.71608382,7.450582842,26.83488779,8.331778881,25.70105212,9.465614546,26.45175253,8.71491414,27.35043077,7.816235901,28.09334893,7.073317741,24.67065131,10.49601535,26.35511161,8.81155506,422,1
Nungambakkam,25.45638318,9.460283485,26.13131451,8.785352157,26.64209619,8.274570479,26.7380405,8.178626166,26.96842312,7.94824355,26.62607936,8.290587307,26.86148295,8.055183714,24.53921067,10.37745599,24.8413568,10.07530987,27.12794308,7.788723585,26.88923851,8.027428157,27.49929401,7.417372655,419,1
Nungambakkam,24.39864505,10.01802162,27.3160096,7.100657067,25.43043278,8.986233888,24.66840751,9.748259153,26.83563011,7.581036561,27.48847843,6.928188234,27.36631865,7.050348018,27.24206787,7.174598797,26.42131891,7.995347752,25.74479879,8.671867876,27.27883143,7.137835233,27.35195095,7.064715716,413,1
Nungambakkam,26.75450335,10.22882999,27.33687612,9.646457215,25.94033698,11.04299635,25.95212557,11.03120776,28.23537591,8.747957423,28.45730191,8.526031426,26.78555027,10.19778306,27.46123843,9.522094907,27.38725919,9.596074148,28.43871972,8.544613613,28.34696809,8.636365242,29.3187972,7.664536136,443.8,1
Nungambakkam,28.04442191,7.197244757,25.59515137,9.646515292,28.07767244,7.163994226,26.20193062,9.039736048,26.42837848,8.813288183,25.54828807,9.693378594,27.63181799,7.60984868,25.89458987,9.3470768,27.97234208,7.269324587,27.17727604,8.064390625,26.55867116,8.682995509,26.19304247,9.048624194,422.9,1
Nungambakkam,19.3911072,7.933892799,21.1780505,6.146949501,19.37803392,7.946966084,20.86411387,6.460886125,20.37927728,6.945722718,19.33160627,7.993393732,19.82159498,7.503405025,21.65105789,5.673942109,19.9295553,7.395444705,21.59576323,5.729236774,21.5362816,5.788718398,21.55812848,5.766871516,327.9,1
Nungambakkam,19.52096923,7.645697435,19.25055829,7.916108374,19.60166758,7.564999085,19.06992481,8.096741861,21.58637703,5.580289636,20.02325721,7.143409452,21.63495242,5.531714246,20.59289638,6.573770285,19.22123467,7.945432001,20.4313023,6.735364362,20.69887523,6.467791435,20.07609715,7.090569515,326,1
Nungambakkam,22.59063936,8.151027308,23.85138926,6.890277407,24.36748951,6.374177153,24.22440686,6.517259805,22.91131564,7.830351031,22.45519572,8.28647095,22.12621782,8.615448843,23.89091214,6.850754523,22.31599049,8.425676178,23.09711756,7.644549111,21.81516417,8.926502496,22.92738584,7.81428083,368.9,1
Nungambakkam,25.2978707,7.218795967,24.98739953,7.529267138,24.89774432,7.618922349,24.42211972,8.094546942,24.63157817,7.885088501,23.97498004,8.541686622,23.24471462,9.271952048,24.87709964,7.639567029,25.64582488,6.870841791,23.22687806,9.289788611,23.57130049,8.945366174,25.28974259,7.226924082,390.2,1
Nungambakkam,23.96208082,9.579585844,24.34406615,9.197600512,23.98323493,9.558431738,26.1509809,7.390685768,25.9890012,7.552665468,23.73484392,9.806822744,24.99404528,8.547621385,24.39169943,9.149967234,23.99760339,9.54406328,25.1282603,8.413406364,24.53411319,9.007553476,24.42120991,9.120456757,402.5,1
Nungambakkam,26.02747371,8.330859622,25.21183904,9.14649429,26.67082353,7.687509798,25.16764799,9.190685347,24.68231804,9.676015297,25.17920412,9.179129208,24.44769059,9.910642746,25.23574009,9.122593239,25.60410417,8.75422916,26.26800477,8.090328564,26.19697186,8.16136147,25.1000761,9.258257228,412.3,1
Nungambakkam,10.46700492,3.832995077,10.64199261,3.658007387,11.06315491,3.236845091,0,0,0,0,0,0,0,0,0,0,0,0,0,0,0,0,0,0,42.9,1
Nungambakkam,11.46215194,3.387848061,11.83763914,3.012360865,11.39751954,3.45248046,11.16811357,3.681886431,10.91369398,3.936306022,10.46531337,4.384686626,11.84919746,3.000802544,10.75157966,4.098420341,11.07943637,3.770563629,10.6694359,4.180564096,11.05116083,3.798839168,11.44393447,3.406065531,178.2,1
Nungambakkam,11.33387116,2.841128835,9.92648424,4.24851576,10.48719384,3.687806159,10.93333994,3.241660056,10.40785304,3.767146963,10.55185506,3.623144936,11.29862272,2.876377275,10.37115893,3.803841072,10.27815652,3.896843477,10.59806763,3.576932368,10.91298821,3.262011788,9.992242395,4.182757605,170.1,1
Nungambakkam,12.99580335,3.745863318,12.88281687,3.858849802,12.09958434,4.642082324,12.1681778,4.57348887,12.76351227,3.978154392,13.28447393,3.45719274,12.55579717,4.185869493,12.96478435,3.776882314,12.72755752,4.01410915,13.31984075,3.421825916,12.03391241,4.707754259,12.1495008,4.592165869,200.9,1
Nungambakkam,12.96103299,4.788967008,14.15266903,3.597330969,13.19115361,4.558846386,12.95981306,4.790186943,13.00865347,4.741346535,14.00424256,3.745757438,12.99607161,4.753928394,12.95448107,4.795518934,13.6825733,4.067426698,13.96292436,3.787075638,13.51161927,4.238380731,14.07925261,3.670747391,213,1
Nungambakkam,13.93221856,4.084448109,14.2506349,3.766031771,14.20281471,3.813851954,12.73599158,5.280675087,13.07125719,4.945409481,13.73930217,4.277364498,12.84137664,5.175290026,12.93865528,5.078011389,12.9616746,5.05499207,14.08553362,3.931133045,13.57343294,4.443233723,12.79711046,5.219556202,216.2,1
Nungambakkam,13.76926575,4.280734252,12.79045337,5.259546635,13.99797284,4.052027164,14.16319402,3.886805981,13.8919168,4.158083196,14.33685793,3.713142075,13.34618541,4.703814593,14.28306901,3.76693099,12.98185048,5.068149517,12.67271266,5.377287343,13.14001037,4.909989632,13.25177124,4.798228761,216.6,1
Nungambakkam,12.66021559,5.356451075,14.07541873,3.941247934,14.06442662,3.952240051,14.14986338,3.866803291,13.66090776,4.355758902,12.6567526,5.359914071,14.24313509,3.773531574,14.15235571,3.864310957,13.5190201,4.49764657,14.31202263,3.704644036,13.57751208,4.439154588,14.21397807,3.802688592,216.2,1
Nungambakkam,23.4263825,3.673617505,20.09576854,7.004231461,23.94508989,3.154910108,26.859192,0.240807999583438,22.64855575,4.451444252,25.30371901,1.796280987,0,0,0,0,0,0,0,0,0,0,0,0,162.6,1
Nungambakkam,26.56177074,0.471562590793045,20.41933115,6.614002182,19.46460505,7.568728286,25.62400085,1.409332484,18.38931479,8.644018541,21.83305376,5.200279576,0,0,0,0,0,0,0,0,0,0,0,0,162.2,1
Nungambakkam,10.8358305,4.239169496,10.61875486,4.456245136,11.3599812,3.715018799,11.04774504,4.027254961,11.65744911,3.417550889,11.15999887,3.91500113,10.86389801,4.211101987,11.68786364,3.387136356,11.38138223,3.693617773,10.64741932,4.427580684,10.62887061,4.446129388,11.41701151,3.657988489,180.9,1
Nungambakkam,11.07789458,4.27210542,11.42135067,3.928649329,11.80182835,3.548171648,11.81598883,3.534011169,11.84399053,3.506009465,11.70704068,3.642959321,10.97626942,4.373730585,11.72722104,3.622778956,11.62948075,3.720519247,10.92388484,4.426115162,11.4363402,3.913659798,11.02793139,4.322068611,184.2,1
Nungambakkam,12.15714302,4.434523647,12.28738035,4.304286319,12.3570182,4.234648465,12.66380283,3.927863839,12.35450851,4.237158155,12.07050262,4.521164048,12.1220019,4.469664771,11.94681284,4.64485383,12.48655846,4.105108209,11.88963594,4.702030727,12.43887864,4.152788024,12.84652484,3.745141828,199.1,1
Nungambakkam,12.79066263,3.559337367,13.05931461,3.29068539,12.69237481,3.657625194,12.2234157,4.126584295,12.17959599,4.170404009,11.63492304,4.71507696,12.46795553,3.882044472,12.20809532,4.141904679,12.96153331,3.388466689,11.52066308,4.829336918,12.98583899,3.364161009,11.61624894,4.73375106,196.2,1
Nungambakkam,10.76955205,4.222114614,10.64460328,4.347063386,10.56387559,4.427791079,11.72212818,3.269538489,11.58063494,3.411031725,11.44420233,3.54746434,11.56299711,3.428669553,11.75994955,3.231717114,10.71566076,4.276005906,10.50338691,4.488279759,10.81558237,4.176084293,11.12141957,3.870247099,179.9,1
Nungambakkam,16.3380827,4.228583965,15.02598896,5.540677706,15.36993171,5.196734957,15.83888189,4.727784772,15.80291806,4.763748607,15.32956033,5.237106342,15.07345356,5.493213111,16.44379629,4.12287038,16.29682427,4.269842395,15.52196466,5.044702004,14.87802623,5.688640439,14.59377037,5.972896301,246.8,1
Nungambakkam,15.16899978,6.197666889,15.72212254,5.644544124,15.94807187,5.418594794,16.64060956,4.726057104,15.20656561,6.160101059,15.06582155,6.300845121,16.29712092,5.069545748,15.70439688,5.662269785,15.07474663,6.291920035,15.39030632,5.976360342,16.98355713,4.383109539,16.87069498,4.495971683,256.4,1
Nungambakkam,17.4963936,6.728606403,17.29917971,6.925820289,18.77779099,5.447209008,18.90066513,5.324334869,17.81361014,6.411389865,18.75794841,5.467051593,19.12680126,5.098198744,19.17798764,5.047012357,18.19161233,6.03338767,18.38199775,5.843002248,17.7809379,6.444062099,17.13701879,7.087981206,290.7,1
Nungambakkam,16.2313324,6.110334265,17.17090956,5.170757104,16.76611883,5.575547834,17.68234371,4.659322956,15.89704439,6.444622275,16.41344391,5.928222753,16.43244399,5.909222676,16.48036836,5.861298305,17.01376849,5.327898175,16.08809557,6.2535711,16.16870637,6.172960293,17.52913064,4.812536031,268.1,1
Nungambakkam,17.40245574,6.764210926,17.89335778,6.273308884,19.25167495,4.914991721,17.9612948,6.205371868,18.85950951,5.307157153,17.46071248,6.705954189,18.98061493,5.186051733,18.44024735,5.726419315,18.53851615,5.628150517,19.31456489,4.852101776,18.91985242,5.246814244,18.09772411,6.068942558,290,1
Nungambakkam,18.73967195,5.426994713,17.4601648,6.70650187,18.05362722,6.113039448,18.66638224,5.500284422,17.71742033,6.449246337,17.73464407,6.432022599,19.1878849,4.978781765,18.70987827,5.456788399,17.10080556,7.065861108,17.8393956,6.327271069,17.28380667,6.882859999,18.53992695,5.626739712,290,1
Nungambakkam,19.0775402,5.180793136,18.15199909,6.10633424,18.79531193,5.463021398,17.90974352,6.348589814,17.70883699,6.549496339,18.92878723,5.329546098,19.11353555,5.144797783,18.40772571,5.850607627,18.7086984,5.549634937,18.47338156,5.784951772,19.37533174,4.883001592,19.25887494,4.999458391,291.1,1
Nungambakkam,18.51067075,5.839329252,18.15799479,6.192005214,17.04971723,7.300282766,17.96846838,6.381531621,18.81454626,5.535453737,17.62941886,6.720581138,18.44642267,5.903577333,18.75397183,5.59602817,17.73987924,6.610120756,18.4867303,5.863269699,17.87473913,6.475260873,17.91590067,6.434099331,292.2,1
Nungambakkam,17.14999308,6.45834025,18.80276751,4.805565824,18.61263125,4.995702081,16.55208827,7.056245066,17.55012196,6.058211375,17.26824675,6.34008658,18.4320644,5.176268931,17.86245561,5.745877724,17.41131814,6.197015194,16.63425774,6.974075589,17.7824908,5.82584253,18.40581184,5.202521493,283.3,1
Nungambakkam,18.64292659,5.057073405,16.7460185,6.953981498,18.87627037,4.823729627,16.80052594,6.899474061,16.64162228,7.058377723,18.13252134,5.567478665,17.18189274,6.518107258,17.62768074,6.072319261,17.21180983,6.488190172,17.66948,6.030519998,16.65610606,7.043893944,18.31405732,5.385942681,284.4,1
Nungambakkam,17.589294,6.985705998,18.64877367,5.926226326,18.20764186,6.367358136,17.98089089,6.59410911,17.21029946,7.364700545,19.04450794,5.530492065,17.72398323,6.851016766,19.52110432,5.053895675,19.18125641,5.393743594,18.21977335,6.355226647,18.77868333,5.796316672,17.41686145,7.15813855,294.9,1
Nungambakkam,19.29818198,5.360151352,19.46571973,5.192613605,18.876312,5.782021333,17.46581728,7.192516053,17.67306256,6.98527077,18.51116765,6.147165681,17.64005047,7.018282865,18.38534374,6.272989589,19.48501656,5.173316778,18.73332387,5.925009467,17.40240284,7.255930496,18.82430063,5.834032701,295.9,1
Nungambakkam,17.9689789,6.764354433,18.785137,5.94819633,19.28627226,5.447061069,19.29315142,5.440181909,18.81510974,5.918223598,17.80579539,6.927537944,19.03765778,5.695675555,17.7961119,6.937221428,19.13839934,5.594933995,17.81665519,6.916678142,18.36681556,6.366517774,18.40590285,6.327430483,296.8,1
Nungambakkam,17.60811001,7.308556656,18.33268637,6.583980294,19.87642886,5.040237803,17.52066759,7.395999081,19.08706398,5.829602683,19.02213513,5.894531542,19.56366215,5.353004515,19.16165724,5.755009426,17.99541736,6.921249303,18.94658962,5.970077044,19.52076114,5.395905525,19.83480193,5.081864737,299,1
Nungambakkam,19.29001084,5.468322494,18.5212602,6.237073132,17.95786409,6.800469246,17.85334566,6.904987672,17.84291421,6.915419122,18.44171644,6.316616891,19.12402134,5.634311994,19.64819977,5.110133561,18.59163322,6.166700113,18.94292253,5.815410799,19.25554145,5.50279188,18.35790712,6.400426214,297.1,1
Nungambakkam,17.40197888,6.698021123,19.26703747,4.83296253,18.35920435,5.740795652,17.56751347,6.532486527,19.16644349,4.93355651,18.36370304,5.736296964,18.45346662,5.646533379,18.18673963,5.91326037,17.88618159,6.21381841,18.35552616,5.744473839,17.81023454,6.289765456,18.71028007,5.389719929,289.2,1
Nungambakkam,22.51051538,6.656151283,20.4704839,8.696182764,20.70254871,8.464117961,22.0881389,7.078527763,21.68654264,7.480124024,21.05649856,8.110168109,20.48869015,8.677976518,22.35057469,6.816091977,20.52242873,8.644237938,21.20905411,7.95761256,21.45694175,7.709724921,22.52752684,6.639139822,350,1
Nungambakkam,18.52833173,7.388334934,19.24655885,6.670107819,20.27940053,5.637266133,18.72480579,7.191860872,18.69425994,7.22240673,19.53710681,6.379559858,20.45935067,5.457315993,18.78899704,7.127669622,19.56895772,6.347708947,20.61764311,5.29902356,19.35751358,6.559153086,18.14965816,7.767008511,311,1
Nungambakkam,19.77316275,7.060170582,19.90389477,6.929438559,19.3544475,7.478885832,20.12584124,6.707492098,20.71166793,6.121665406,20.95846199,5.874871343,19.75099806,7.08233527,20.35724314,6.476090193,19.89580151,6.937531822,19.10021766,7.733115675,20.54208537,6.291247963,20.99947309,5.833860248,322,1
Nungambakkam,20.66035636,7.156310302,20.50479719,7.311869479,20.70153921,7.115127455,21.83517447,5.981492195,20.57943944,7.237227226,20.73069868,7.085967983,22.20781252,5.608854148,19.8023044,8.014362266,19.69071697,8.125949698,21.23775527,6.578911397,21.27724604,6.539420627,21.36207131,6.454595361,333.8,1
Nungambakkam,23.26805951,7.531940487,24.42670776,6.373292236,24.2810406,6.518959398,24.28393695,6.516063048,23.66251149,7.137488511,22.55613195,8.243868045,21.68531547,9.114684529,23.96044352,6.83955648,22.89965723,7.90034277,22.7244265,8.075573496,22.78358246,8.016417537,22.7442852,8.055714803,369.6,1
Nungambakkam,20.0753691,8.182964233,22.25002898,6.008304356,21.3047362,6.953597136,21.09781376,7.160519574,20.09969543,8.1586379,21.76987298,6.488460358,20.41541148,7.842921853,22.3040773,5.954256038,22.33064986,5.927683469,19.93540109,8.322932242,22.48785287,5.770480466,22.4692427,5.789090633,339.1,1
Nungambakkam,26.07154216,7.128457844,23.86069448,9.339305516,23.54341322,9.656586783,26.1186837,7.081316298,24.92100903,8.278990968,25.54884512,7.651154879,25.73596589,7.464034109,24.9762654,8.223734597,26.0830884,7.116911605,23.51671718,9.683282821,25.58263976,7.61736024,25.45609533,7.743904669,398.4,1
Nungambakkam,27.94456598,9.072100682,27.39297761,9.623689053,28.64095963,8.375707041,26.02607106,10.99059561,28.57666203,8.440004639,27.1674556,9.849211062,28.2005599,8.816106769,29.17258635,7.844080319,29.48928201,7.527384661,27.23792752,9.778739142,26.32219388,10.69447278,27.93182653,9.084840136,444.2,1
Nungambakkam,27.31093774,8.622395596,27.17924423,8.754089105,25.86211118,10.07122215,26.65038655,9.282946787,27.45645964,8.476873694,26.5801905,9.353142835,26.36261594,9.570717396,26.60598697,9.327346361,28.07248274,7.860850596,25.85052895,10.08280439,27.02326797,8.910065367,25.27869368,10.65463965,431.2,1
